age,sex,cp,trestbps,chol,fbs,restecg,thalach,exang,oldpeak,slope,ca,thal,target
74.0,0.0,2.0,132.0,247.0,0.0,0.0,122.0,1.0,1.7,2.0,1.0,2.0,0
31.0,0.0,0.0,127.0,255.0,0.0,1.0,177.0,0.0,1.3,2.0,3.0,2.0,0
57.0,1.0,1.0,153.0,201.0,0.0,1.0,125.0,0.0,1.7,0.0,0.0,2.0,0
63.0,1.0,0.0,134.0,288.0,1.0,1.0,149.0,0.0,1.4,1.0,0.0,2.0,0
67.0,1.0,0.0,152.0,225.0,0.0,0.0,138.0,0.0,0.2,1.0,2.0,3.0,1
,0.0,2.0,147.0,224.0,1.0,1.0,128.0,0.0,1.5,1.0,0.0,2.0,0
48.0,0.0,0.0,125.0,218.0,0.0,1.0,174.0,0.0,0.2,0.0,1.0,3.0,0
71.0,1.0,2.0,128.0,257.0,0.0,1.0,186.0,1.0,0.1,1.0,0.0,2.0,1
51.0,1.0,3.0,163.0,210.0,0.0,1.0,152.0,0.0,2.3,2.0,0.0,2.0,0
62.0,1.0,0.0,134.0,252.0,0.0,1.0,182.0,0.0,0.9,1.0,0.0,2.0,0
61.0,0.0,0.0,118.0,387.0,0.0,,142.0,0.0,0.2,2.0,0.0,2.0,0
76.0,1.0,0.0,110.0,243.0,1.0,0.0,151.0,0.0,1.0,2.0,1.0,2.0,0
38.0,1.0,2.0,147.0,223.0,0.0,1.0,151.0,1.0,0.4,2.0,2.0,1.0,1
61.0,1.0,3.0,133.0,160.0,0.0,0.0,123.0,0.0,0.2,1.0,0.0,2.0,1
75.0,0.0,0.0,117.0,248.0,0.0,1.0,159.0,0.0,1.6,2.0,1.0,2.0,1
61.0,1.0,0.0,142.0,189.0,0.0,1.0,164.0,0.0,0.1,2.0,0.0,1.0,1
76.0,1.0,1.0,133.0,226.0,0.0,1.0,145.0,0.0,3.3,1.0,0.0,2.0,0
54.0,1.0,2.0,102.0,253.0,0.0,1.0,111.0,0.0,1.5,1.0,0.0,1.0,0
48.0,0.0,2.0,141.0,157.0,0.0,0.0,157.0,1.0,1.2,1.0,0.0,3.0,1
43.0,1.0,0.0,153.0,254.0,0.0,1.0,115.0,0.0,0.3,2.0,0.0,2.0,1
65.0,0.0,2.0,174.0,261.0,0.0,1.0,131.0,1.0,1.4,2.0,0.0,3.0,1
61.0,1.0,0.0,131.0,179.0,0.0,,151.0,0.0,0.0,2.0,1.0,3.0,1
45.0,1.0,0.0,134.0,225.0,1.0,1.0,,1.0,0.8,2.0,0.0,3.0,1
33.0,0.0,1.0,158.0,152.0,0.0,1.0,154.0,0.0,0.4,2.0,0.0,3.0,0
32.0,1.0,0.0,133.0,326.0,0.0,0.0,144.0,0.0,1.8,1.0,1.0,3.0,1
31.0,,2.0,135.0,262.0,0.0,0.0,113.0,0.0,1.4,2.0,0.0,2.0,1
49.0,1.0,0.0,,236.0,0.0,0.0,152.0,0.0,0.7,1.0,0.0,2.0,1
68.0,1.0,0.0,107.0,237.0,0.0,1.0,161.0,1.0,0.6,2.0,1.0,2.0,0
31.0,1.0,3.0,146.0,303.0,0.0,0.0,171.0,0.0,,1.0,0.0,2.0,0
49.0,1.0,,109.0,241.0,0.0,0.0,140.0,0.0,0.3,1.0,1.0,3.0,1
76.0,0.0,2.0,150.0,262.0,0.0,0.0,147.0,0.0,1.2,1.0,3.0,3.0,0
77.0,1.0,0.0,117.0,323.0,0.0,0.0,116.0,0.0,0.1,1.0,2.0,,1
36.0,1.0,2.0,135.0,228.0,1.0,0.0,192.0,0.0,1.5,1.0,1.0,1.0,0
70.0,0.0,0.0,124.0,190.0,0.0,1.0,182.0,0.0,3.9,2.0,2.0,3.0,1
64.0,1.0,0.0,150.0,203.0,0.0,0.0,148.0,0.0,0.1,1.0,0.0,2.0,0
57.0,1.0,2.0,136.0,318.0,0.0,0.0,146.0,1.0,0.6,,1.0,1.0,1
67.0,1.0,,164.0,250.0,1.0,1.0,84.0,0.0,0.9,2.0,0.0,3.0,1
62.0,1.0,2.0,112.0,220.0,0.0,0.0,171.0,0.0,1.7,1.0,0.0,3.0,0
50.0,1.0,0.0,138.0,295.0,0.0,0.0,161.0,1.0,0.2,2.0,0.0,2.0,0
59.0,1.0,0.0,131.0,296.0,0.0,1.0,166.0,0.0,0.4,1.0,0.0,2.0,0
56.0,0.0,0.0,,221.0,,1.0,140.0,0.0,1.8,1.0,0.0,2.0,0
63.0,1.0,0.0,158.0,196.0,0.0,1.0,138.0,0.0,0.7,1.0,0.0,3.0,1
62.0,1.0,2.0,140.0,165.0,1.0,0.0,121.0,0.0,0.2,1.0,0.0,3.0,0
41.0,0.0,0.0,111.0,154.0,0.0,0.0,166.0,0.0,2.0,2.0,0.0,2.0,1
69.0,1.0,1.0,140.0,232.0,0.0,0.0,176.0,,2.8,2.0,0.0,2.0,1
32.0,1.0,3.0,123.0,200.0,0.0,1.0,173.0,1.0,1.3,2.0,0.0,3.0,0
71.0,0.0,2.0,122.0,340.0,0.0,0.0,153.0,0.0,3.6,1.0,1.0,3.0,1
34.0,1.0,0.0,148.0,248.0,0.0,0.0,141.0,0.0,2.6,2.0,1.0,3.0,1
29.0,1.0,0.0,120.0,146.0,0.0,0.0,125.0,0.0,0.1,1.0,0.0,2.0,0
40.0,0.0,3.0,124.0,318.0,0.0,1.0,133.0,0.0,0.5,2.0,0.0,2.0,0
63.0,1.0,2.0,131.0,254.0,1.0,0.0,159.0,1.0,0.9,,1.0,2.0,1
39.0,1.0,2.0,147.0,281.0,1.0,0.0,142.0,0.0,1.3,2.0,0.0,3.0,1
51.0,1.0,0.0,140.0,280.0,0.0,0.0,185.0,1.0,0.8,2.0,1.0,3.0,0
42.0,0.0,2.0,127.0,261.0,0.0,1.0,174.0,0.0,1.0,1.0,0.0,2.0,0
47.0,0.0,0.0,126.0,272.0,0.0,,135.0,1.0,0.1,2.0,0.0,2.0,0
65.0,0.0,0.0,111.0,258.0,0.0,0.0,122.0,0.0,0.5,2.0,1.0,2.0,1
44.0,0.0,2.0,118.0,189.0,1.0,1.0,136.0,0.0,0.0,1.0,1.0,2.0,0
72.0,1.0,0.0,119.0,264.0,0.0,1.0,172.0,1.0,1.1,1.0,0.0,,1
56.0,1.0,2.0,128.0,298.0,0.0,1.0,137.0,0.0,,1.0,0.0,0.0,1
73.0,0.0,1.0,164.0,235.0,0.0,0.0,161.0,0.0,0.5,2.0,0.0,3.0,0
59.0,1.0,0.0,119.0,274.0,0.0,0.0,136.0,0.0,0.7,1.0,0.0,2.0,0
35.0,1.0,0.0,125.0,267.0,1.0,1.0,156.0,0.0,1.1,2.0,0.0,3.0,1
74.0,1.0,2.0,96.0,338.0,1.0,1.0,160.0,0.0,1.4,1.0,2.0,2.0,1
55.0,1.0,1.0,141.0,233.0,0.0,1.0,170.0,1.0,1.3,2.0,0.0,3.0,0
45.0,0.0,2.0,104.0,231.0,0.0,0.0,180.0,1.0,0.8,1.0,1.0,3.0,1
35.0,1.0,2.0,115.0,240.0,1.0,1.0,177.0,0.0,0.8,2.0,3.0,2.0,0
43.0,1.0,3.0,148.0,240.0,0.0,0.0,137.0,0.0,1.9,1.0,0.0,2.0,0
68.0,1.0,0.0,95.0,130.0,0.0,1.0,,0.0,2.0,1.0,2.0,2.0,1
40.0,0.0,0.0,132.0,213.0,0.0,2.0,123.0,0.0,0.1,1.0,0.0,3.0,0
36.0,1.0,1.0,144.0,261.0,0.0,0.0,143.0,1.0,0.3,2.0,1.0,3.0,1
30.0,1.0,0.0,156.0,245.0,0.0,1.0,149.0,0.0,2.5,1.0,0.0,2.0,1
72.0,1.0,3.0,115.0,205.0,0.0,1.0,140.0,0.0,0.9,2.0,2.0,,0
66.0,1.0,0.0,120.0,212.0,0.0,0.0,137.0,0.0,0.1,2.0,0.0,2.0,1
54.0,1.0,1.0,161.0,227.0,0.0,1.0,171.0,1.0,0.1,1.0,0.0,2.0,0
49.0,0.0,1.0,130.0,205.0,0.0,0.0,168.0,1.0,0.1,0.0,4.0,3.0,1
41.0,1.0,0.0,118.0,219.0,1.0,0.0,157.0,0.0,1.5,2.0,0.0,3.0,0
47.0,1.0,3.0,118.0,218.0,0.0,0.0,120.0,0.0,0.3,2.0,0.0,3.0,0
46.0,1.0,0.0,114.0,291.0,1.0,0.0,153.0,0.0,0.3,1.0,0.0,3.0,1
30.0,0.0,0.0,123.0,297.0,0.0,0.0,140.0,1.0,0.1,2.0,0.0,2.0,0
73.0,1.0,0.0,149.0,293.0,0.0,1.0,177.0,0.0,0.9,1.0,1.0,2.0,0
70.0,1.0,0.0,146.0,267.0,0.0,0.0,109.0,1.0,0.7,1.0,1.0,2.0,1
77.0,1.0,0.0,111.0,209.0,0.0,1.0,136.0,,0.3,2.0,0.0,2.0,1
56.0,0.0,2.0,134.0,294.0,0.0,0.0,136.0,1.0,1.1,0.0,3.0,3.0,1
51.0,0.0,1.0,124.0,229.0,0.0,1.0,138.0,0.0,1.5,2.0,0.0,2.0,0
32.0,1.0,0.0,144.0,247.0,0.0,1.0,170.0,1.0,3.9,2.0,0.0,2.0,0
32.0,0.0,3.0,128.0,314.0,0.0,0.0,97.0,0.0,0.7,2.0,0.0,1.0,0
40.0,1.0,1.0,137.0,250.0,0.0,0.0,144.0,0.0,0.5,2.0,1.0,2.0,0
50.0,0.0,0.0,128.0,258.0,0.0,1.0,167.0,0.0,0.3,2.0,0.0,2.0,1
54.0,1.0,2.0,94.0,173.0,0.0,1.0,170.0,0.0,1.5,2.0,1.0,3.0,1
68.0,0.0,0.0,131.0,270.0,0.0,1.0,136.0,0.0,3.6,2.0,0.0,2.0,1
70.0,0.0,0.0,109.0,196.0,0.0,1.0,134.0,1.0,0.9,1.0,3.0,3.0,1
63.0,0.0,1.0,143.0,297.0,1.0,1.0,156.0,1.0,1.0,0.0,3.0,3.0,1
32.0,1.0,2.0,119.0,236.0,0.0,1.0,152.0,0.0,1.2,1.0,0.0,2.0,0
40.0,1.0,2.0,120.0,131.0,0.0,1.0,150.0,0.0,0.6,1.0,2.0,3.0,0
32.0,0.0,0.0,130.0,227.0,0.0,0.0,71.0,0.0,0.2,1.0,0.0,2.0,0
59.0,1.0,1.0,140.0,234.0,0.0,0.0,124.0,0.0,0.3,1.0,0.0,2.0,0
35.0,0.0,1.0,128.0,270.0,0.0,2.0,130.0,1.0,1.0,1.0,1.0,3.0,1
38.0,1.0,2.0,158.0,280.0,0.0,0.0,163.0,0.0,1.0,1.0,1.0,2.0,0
52.0,1.0,0.0,159.0,229.0,0.0,1.0,117.0,1.0,0.6,1.0,2.0,2.0,0
43.0,0.0,2.0,160.0,297.0,0.0,1.0,125.0,0.0,0.0,2.0,0.0,3.0,1
67.0,1.0,1.0,127.0,126.0,0.0,1.0,145.0,0.0,2.1,2.0,1.0,2.0,0
48.0,0.0,0.0,105.0,209.0,0.0,1.0,120.0,0.0,0.3,1.0,0.0,2.0,0
35.0,1.0,1.0,151.0,189.0,0.0,1.0,163.0,1.0,0.9,,0.0,3.0,1
41.0,0.0,,,182.0,0.0,1.0,140.0,0.0,1.3,1.0,1.0,2.0,0
56.0,1.0,1.0,131.0,294.0,0.0,0.0,189.0,0.0,0.2,2.0,0.0,3.0,0
67.0,0.0,0.0,141.0,288.0,0.0,1.0,135.0,0.0,0.6,2.0,0.0,2.0,0
46.0,0.0,1.0,103.0,206.0,0.0,0.0,136.0,0.0,0.0,1.0,0.0,3.0,0
75.0,1.0,2.0,158.0,306.0,1.0,1.0,166.0,0.0,0.0,2.0,0.0,2.0,0
39.0,0.0,0.0,145.0,251.0,0.0,0.0,134.0,0.0,0.3,1.0,0.0,0.0,1
64.0,1.0,2.0,136.0,224.0,0.0,1.0,182.0,0.0,1.1,,1.0,2.0,0
64.0,1.0,0.0,146.0,210.0,0.0,1.0,159.0,0.0,2.2,2.0,0.0,3.0,1
30.0,1.0,1.0,140.0,206.0,1.0,1.0,142.0,0.0,0.6,0.0,0.0,2.0,0
76.0,1.0,0.0,132.0,270.0,0.0,0.0,145.0,1.0,0.0,1.0,1.0,1.0,1
74.0,1.0,0.0,125.0,279.0,0.0,1.0,202.0,1.0,0.3,2.0,0.0,3.0,0
45.0,1.0,2.0,118.0,,,0.0,159.0,0.0,3.1,2.0,2.0,3.0,0
34.0,1.0,0.0,135.0,141.0,0.0,1.0,152.0,1.0,0.1,1.0,1.0,2.0,0
69.0,1.0,2.0,137.0,261.0,0.0,0.0,146.0,0.0,1.4,1.0,2.0,3.0,1
74.0,1.0,1.0,149.0,274.0,0.0,1.0,171.0,,1.4,2.0,0.0,3.0,0
51.0,0.0,2.0,134.0,211.0,1.0,0.0,115.0,1.0,0.9,1.0,0.0,3.0,0
75.0,1.0,1.0,116.0,248.0,0.0,0.0,145.0,0.0,2.7,1.0,1.0,2.0,0
44.0,1.0,0.0,104.0,150.0,0.0,1.0,86.0,0.0,1.0,2.0,1.0,2.0,0
69.0,1.0,0.0,128.0,183.0,0.0,1.0,137.0,1.0,3.4,1.0,0.0,2.0,0
54.0,0.0,2.0,130.0,229.0,0.0,0.0,167.0,0.0,1.7,1.0,0.0,3.0,0
74.0,1.0,,129.0,230.0,0.0,1.0,179.0,0.0,1.6,2.0,2.0,2.0,1
29.0,0.0,0.0,104.0,263.0,1.0,0.0,162.0,0.0,3.0,1.0,1.0,2.0,0
64.0,1.0,0.0,149.0,185.0,0.0,1.0,163.0,1.0,1.0,1.0,3.0,2.0,1
58.0,0.0,0.0,149.0,228.0,0.0,1.0,111.0,0.0,0.4,2.0,0.0,2.0,1
30.0,0.0,3.0,117.0,221.0,1.0,1.0,134.0,1.0,0.1,2.0,0.0,2.0,0
48.0,0.0,0.0,144.0,272.0,0.0,1.0,181.0,0.0,1.2,,1.0,3.0,0
33.0,1.0,2.0,147.0,318.0,0.0,1.0,137.0,1.0,0.7,2.0,1.0,1.0,1
59.0,1.0,2.0,131.0,333.0,0.0,0.0,146.0,0.0,0.5,1.0,0.0,2.0,0
36.0,1.0,2.0,114.0,166.0,0.0,1.0,131.0,1.0,3.0,2.0,0.0,2.0,0
58.0,1.0,2.0,158.0,243.0,0.0,0.0,128.0,0.0,2.4,2.0,4.0,2.0,0
67.0,0.0,3.0,137.0,189.0,0.0,1.0,138.0,0.0,0.5,2.0,0.0,3.0,1
30.0,1.0,2.0,126.0,242.0,0.0,1.0,134.0,,2.9,1.0,0.0,1.0,0
41.0,1.0,2.0,144.0,267.0,0.0,0.0,170.0,0.0,0.6,0.0,2.0,2.0,0
32.0,0.0,2.0,158.0,250.0,0.0,1.0,153.0,0.0,0.2,1.0,0.0,2.0,1
73.0,1.0,1.0,122.0,243.0,0.0,1.0,171.0,0.0,1.0,2.0,0.0,2.0,0
36.0,1.0,2.0,142.0,321.0,0.0,0.0,118.0,0.0,0.1,2.0,1.0,2.0,0
67.0,1.0,2.0,164.0,282.0,,1.0,175.0,1.0,0.2,2.0,0.0,2.0,0
53.0,1.0,0.0,112.0,232.0,0.0,1.0,149.0,1.0,1.7,1.0,3.0,3.0,1
35.0,1.0,1.0,121.0,247.0,1.0,0.0,189.0,0.0,1.7,0.0,2.0,3.0,0
42.0,1.0,2.0,120.0,290.0,0.0,0.0,147.0,0.0,0.3,1.0,0.0,2.0,0
57.0,1.0,0.0,128.0,277.0,0.0,0.0,116.0,1.0,1.4,1.0,0.0,2.0,1
73.0,0.0,0.0,127.0,224.0,0.0,1.0,177.0,0.0,3.6,1.0,0.0,2.0,0
49.0,1.0,0.0,136.0,155.0,0.0,0.0,145.0,1.0,3.2,2.0,2.0,2.0,0
65.0,1.0,0.0,117.0,185.0,0.0,1.0,101.0,0.0,0.6,1.0,,3.0,1
77.0,0.0,0.0,120.0,253.0,0.0,0.0,152.0,1.0,2.0,1.0,0.0,3.0,0
61.0,0.0,1.0,136.0,154.0,0.0,0.0,154.0,1.0,0.8,1.0,2.0,2.0,0
69.0,,0.0,133.0,238.0,0.0,0.0,172.0,0.0,0.8,1.0,0.0,2.0,0
53.0,1.0,2.0,145.0,222.0,0.0,1.0,71.0,0.0,0.3,0.0,3.0,2.0,1
74.0,1.0,1.0,137.0,296.0,0.0,1.0,174.0,1.0,0.5,2.0,2.0,2.0,0
42.0,0.0,0.0,144.0,178.0,0.0,1.0,138.0,1.0,0.2,1.0,0.0,2.0,1
37.0,1.0,0.0,111.0,147.0,0.0,0.0,191.0,,1.4,2.0,0.0,2.0,0
43.0,1.0,2.0,124.0,224.0,0.0,0.0,111.0,0.0,1.0,0.0,2.0,3.0,0
35.0,1.0,2.0,162.0,278.0,0.0,1.0,160.0,1.0,1.6,1.0,2.0,1.0,0
30.0,1.0,3.0,137.0,300.0,0.0,0.0,158.0,1.0,1.0,1.0,3.0,2.0,1
59.0,1.0,2.0,143.0,199.0,1.0,1.0,139.0,0.0,0.3,1.0,2.0,2.0,0
,1.0,0.0,135.0,269.0,0.0,1.0,131.0,0.0,3.0,2.0,4.0,3.0,1
69.0,1.0,1.0,138.0,189.0,0.0,0.0,140.0,0.0,1.1,2.0,0.0,2.0,1
39.0,1.0,0.0,127.0,207.0,,1.0,141.0,0.0,0.6,2.0,1.0,1.0,0
41.0,1.0,0.0,191.0,274.0,0.0,1.0,121.0,1.0,1.5,1.0,0.0,3.0,1
41.0,1.0,0.0,124.0,282.0,0.0,0.0,170.0,1.0,0.3,1.0,0.0,2.0,0
54.0,0.0,0.0,130.0,195.0,0.0,0.0,124.0,1.0,1.7,2.0,0.0,2.0,1
71.0,1.0,2.0,94.0,270.0,0.0,0.0,171.0,1.0,0.4,1.0,3.0,2.0,1
36.0,1.0,0.0,149.0,150.0,1.0,1.0,109.0,0.0,0.1,0.0,0.0,2.0,0
42.0,1.0,1.0,121.0,235.0,0.0,0.0,145.0,0.0,1.5,2.0,2.0,3.0,0
73.0,1.0,3.0,129.0,188.0,0.0,0.0,145.0,0.0,0.2,1.0,0.0,2.0,0
30.0,0.0,0.0,122.0,204.0,0.0,1.0,148.0,,1.0,1.0,1.0,3.0,0
70.0,0.0,0.0,128.0,180.0,0.0,1.0,170.0,0.0,0.3,2.0,0.0,2.0,0
43.0,1.0,0.0,126.0,274.0,0.0,0.0,144.0,0.0,1.2,2.0,0.0,2.0,0
52.0,1.0,3.0,130.0,274.0,0.0,1.0,138.0,1.0,0.1,2.0,0.0,2.0,0
62.0,1.0,2.0,130.0,210.0,0.0,1.0,144.0,0.0,1.0,1.0,4.0,2.0,0
32.0,1.0,0.0,128.0,265.0,0.0,0.0,170.0,1.0,0.2,1.0,1.0,3.0,0
46.0,1.0,3.0,128.0,259.0,0.0,1.0,122.0,1.0,0.7,1.0,2.0,3.0,1
53.0,1.0,2.0,153.0,239.0,0.0,1.0,126.0,1.0,2.1,2.0,1.0,3.0,0
75.0,1.0,1.0,145.0,356.0,0.0,1.0,105.0,1.0,0.6,1.0,2.0,3.0,0
52.0,0.0,3.0,146.0,203.0,0.0,0.0,,0.0,1.5,2.0,0.0,3.0,1
34.0,0.0,2.0,118.0,246.0,0.0,0.0,123.0,1.0,0.2,2.0,0.0,3.0,0
62.0,1.0,0.0,152.0,226.0,0.0,0.0,107.0,0.0,1.1,0.0,0.0,1.0,1
66.0,0.0,2.0,150.0,227.0,0.0,0.0,131.0,0.0,0.2,2.0,2.0,2.0,1
31.0,0.0,2.0,121.0,254.0,1.0,0.0,135.0,0.0,1.5,2.0,0.0,2.0,0
47.0,1.0,0.0,156.0,230.0,0.0,0.0,181.0,0.0,1.3,1.0,1.0,3.0,1
75.0,1.0,0.0,119.0,202.0,0.0,1.0,138.0,0.0,0.5,1.0,0.0,2.0,1
74.0,1.0,0.0,99.0,252.0,0.0,1.0,155.0,1.0,0.6,2.0,2.0,3.0,1
64.0,0.0,0.0,149.0,306.0,0.0,1.0,109.0,0.0,0.2,2.0,1.0,2.0,1
47.0,1.0,0.0,128.0,294.0,0.0,1.0,153.0,0.0,1.0,1.0,0.0,2.0,0
56.0,0.0,3.0,147.0,256.0,0.0,1.0,112.0,0.0,2.4,2.0,0.0,3.0,1
75.0,0.0,0.0,118.0,208.0,0.0,0.0,142.0,0.0,0.8,1.0,1.0,2.0,0
38.0,1.0,2.0,109.0,255.0,0.0,1.0,132.0,1.0,0.4,2.0,0.0,3.0,0
46.0,1.0,0.0,151.0,301.0,1.0,1.0,150.0,0.0,0.5,2.0,1.0,3.0,1
32.0,1.0,3.0,107.0,306.0,0.0,0.0,162.0,0.0,0.2,1.0,1.0,2.0,0
40.0,1.0,2.0,104.0,264.0,0.0,0.0,119.0,0.0,0.6,2.0,2.0,2.0,1
55.0,1.0,0.0,98.0,227.0,0.0,1.0,123.0,1.0,0.7,2.0,2.0,0.0,1
57.0,1.0,0.0,94.0,235.0,1.0,1.0,153.0,0.0,2.8,1.0,0.0,2.0,0
40.0,1.0,3.0,113.0,285.0,0.0,1.0,164.0,1.0,0.6,1.0,1.0,2.0,1
39.0,0.0,3.0,94.0,281.0,1.0,1.0,180.0,0.0,2.0,2.0,1.0,1.0,0
32.0,1.0,1.0,130.0,156.0,0.0,1.0,138.0,0.0,0.2,2.0,0.0,2.0,0
74.0,1.0,0.0,94.0,279.0,1.0,,116.0,1.0,0.8,,2.0,2.0,1
52.0,0.0,0.0,112.0,282.0,0.0,1.0,,0.0,0.9,2.0,2.0,2.0,0
54.0,1.0,2.0,170.0,200.0,1.0,1.0,131.0,0.0,0.9,2.0,0.0,3.0,0
56.0,1.0,2.0,136.0,206.0,0.0,0.0,128.0,0.0,0.7,2.0,2.0,3.0,0
75.0,1.0,0.0,131.0,207.0,0.0,1.0,179.0,1.0,1.5,2.0,1.0,3.0,1
32.0,0.0,0.0,103.0,211.0,1.0,1.0,162.0,0.0,0.2,2.0,1.0,3.0,1
64.0,1.0,0.0,126.0,173.0,1.0,0.0,132.0,1.0,0.1,2.0,2.0,2.0,1
43.0,1.0,0.0,131.0,261.0,0.0,1.0,148.0,0.0,0.2,1.0,0.0,3.0,0
50.0,1.0,0.0,103.0,,0.0,1.0,147.0,0.0,0.8,1.0,0.0,2.0,1
77.0,1.0,3.0,133.0,242.0,,1.0,152.0,0.0,0.3,2.0,1.0,,0
52.0,1.0,2.0,,,0.0,1.0,140.0,0.0,1.3,1.0,0.0,2.0,0
52.0,0.0,0.0,125.0,259.0,0.0,0.0,107.0,0.0,0.1,1.0,0.0,1.0,1
65.0,1.0,0.0,127.0,194.0,0.0,0.0,127.0,1.0,2.4,0.0,0.0,1.0,0
33.0,1.0,2.0,96.0,258.0,0.0,0.0,137.0,0.0,3.0,2.0,2.0,2.0,0
34.0,1.0,2.0,107.0,265.0,0.0,1.0,149.0,0.0,1.5,0.0,0.0,3.0,1
77.0,0.0,2.0,148.0,288.0,0.0,1.0,125.0,1.0,2.1,1.0,2.0,3.0,1
38.0,0.0,0.0,119.0,346.0,0.0,1.0,153.0,0.0,0.5,2.0,0.0,3.0,0
31.0,1.0,3.0,115.0,139.0,0.0,0.0,140.0,0.0,0.2,2.0,0.0,1.0,1
66.0,1.0,0.0,119.0,262.0,0.0,1.0,132.0,0.0,0.2,2.0,0.0,3.0,1
62.0,1.0,1.0,130.0,209.0,0.0,0.0,121.0,0.0,0.7,2.0,2.0,1.0,1
34.0,0.0,1.0,111.0,147.0,0.0,1.0,158.0,0.0,1.1,2.0,0.0,2.0,0
38.0,1.0,3.0,133.0,288.0,0.0,1.0,158.0,0.0,0.8,0.0,3.0,3.0,0
44.0,0.0,2.0,107.0,313.0,0.0,1.0,166.0,0.0,0.1,1.0,0.0,3.0,0
57.0,1.0,1.0,144.0,226.0,0.0,1.0,161.0,0.0,1.3,0.0,0.0,3.0,1
31.0,0.0,1.0,113.0,256.0,0.0,0.0,162.0,1.0,1.6,2.0,1.0,2.0,0
39.0,1.0,2.0,153.0,242.0,1.0,0.0,157.0,0.0,0.0,1.0,2.0,2.0,0
65.0,1.0,0.0,130.0,268.0,0.0,0.0,110.0,0.0,0.6,1.0,1.0,2.0,1
32.0,0.0,0.0,116.0,290.0,1.0,0.0,142.0,0.0,0.6,1.0,2.0,2.0,1
77.0,1.0,3.0,146.0,263.0,0.0,1.0,117.0,1.0,0.1,2.0,0.0,2.0,1
32.0,1.0,1.0,107.0,263.0,0.0,0.0,179.0,0.0,0.2,1.0,0.0,2.0,0
52.0,1.0,0.0,121.0,310.0,0.0,0.0,148.0,1.0,1.7,1.0,0.0,3.0,1
56.0,0.0,0.0,130.0,237.0,1.0,0.0,176.0,0.0,0.9,0.0,3.0,2.0,0
63.0,1.0,2.0,128.0,293.0,0.0,0.0,126.0,1.0,0.2,1.0,0.0,3.0,1
66.0,1.0,0.0,96.0,204.0,0.0,0.0,146.0,0.0,0.6,0.0,3.0,2.0,0
52.0,1.0,2.0,115.0,327.0,0.0,1.0,154.0,0.0,1.9,1.0,0.0,3.0,1
50.0,0.0,0.0,133.0,283.0,0.0,1.0,141.0,0.0,0.1,0.0,0.0,3.0,1
54.0,0.0,2.0,108.0,225.0,1.0,0.0,153.0,0.0,3.1,1.0,1.0,2.0,0
46.0,1.0,0.0,152.0,138.0,0.0,0.0,181.0,0.0,,2.0,4.0,0.0,1
31.0,1.0,1.0,139.0,245.0,0.0,1.0,126.0,1.0,0.3,2.0,2.0,2.0,1
74.0,1.0,0.0,122.0,185.0,,0.0,90.0,0.0,0.2,2.0,0.0,2.0,0
39.0,1.0,0.0,127.0,261.0,0.0,1.0,184.0,0.0,0.6,1.0,0.0,2.0,0
37.0,1.0,3.0,162.0,320.0,0.0,1.0,131.0,0.0,0.4,0.0,0.0,3.0,1
61.0,0.0,2.0,146.0,254.0,0.0,0.0,173.0,0.0,4.5,1.0,1.0,2.0,1
54.0,0.0,0.0,,236.0,0.0,0.0,163.0,0.0,0.0,1.0,0.0,2.0,0
64.0,1.0,0.0,106.0,263.0,0.0,0.0,144.0,1.0,0.4,,2.0,3.0,1
32.0,1.0,0.0,158.0,260.0,0.0,0.0,157.0,0.0,0.9,2.0,0.0,2.0,0
30.0,1.0,0.0,148.0,126.0,0.0,0.0,123.0,0.0,0.4,1.0,0.0,2.0,0
36.0,0.0,1.0,128.0,258.0,1.0,1.0,150.0,0.0,0.6,1.0,3.0,2.0,0
35.0,1.0,0.0,121.0,277.0,0.0,0.0,162.0,0.0,0.6,2.0,0.0,2.0,0
64.0,1.0,2.0,127.0,232.0,0.0,0.0,131.0,0.0,0.1,2.0,0.0,2.0,0
62.0,1.0,1.0,110.0,295.0,0.0,1.0,140.0,0.0,1.0,1.0,0.0,,1
68.0,1.0,2.0,122.0,239.0,0.0,0.0,155.0,,1.8,2.0,0.0,2.0,0
47.0,1.0,3.0,143.0,285.0,0.0,0.0,178.0,1.0,0.8,2.0,0.0,2.0,0
57.0,1.0,0.0,100.0,361.0,0.0,1.0,148.0,1.0,0.2,1.0,0.0,3.0,1
67.0,1.0,1.0,125.0,241.0,0.0,0.0,139.0,0.0,0.7,1.0,0.0,2.0,0
34.0,1.0,2.0,132.0,146.0,0.0,0.0,145.0,0.0,0.0,2.0,0.0,3.0,0
38.0,0.0,3.0,132.0,228.0,1.0,1.0,174.0,1.0,2.4,1.0,2.0,2.0,1
69.0,0.0,0.0,110.0,157.0,0.0,,134.0,1.0,0.3,2.0,0.0,2.0,0
,0.0,2.0,,277.0,0.0,1.0,142.0,0.0,2.3,1.0,0.0,1.0,0
33.0,0.0,0.0,149.0,312.0,0.0,1.0,135.0,0.0,0.9,2.0,0.0,3.0,1
52.0,1.0,2.0,110.0,281.0,0.0,1.0,144.0,1.0,4.1,1.0,,2.0,0
69.0,0.0,0.0,148.0,262.0,0.0,0.0,153.0,0.0,1.9,2.0,0.0,2.0,1
50.0,1.0,2.0,122.0,213.0,0.0,1.0,171.0,1.0,0.0,1.0,1.0,1.0,0
54.0,0.0,3.0,149.0,326.0,0.0,0.0,102.0,0.0,0.0,2.0,4.0,3.0,1
65.0,1.0,1.0,123.0,284.0,0.0,1.0,161.0,1.0,1.4,2.0,0.0,2.0,1
73.0,1.0,0.0,111.0,260.0,1.0,0.0,129.0,0.0,0.7,1.0,1.0,3.0,1
57.0,1.0,1.0,145.0,256.0,0.0,0.0,162.0,1.0,1.4,1.0,0.0,2.0,1
64.0,1.0,1.0,130.0,251.0,0.0,0.0,176.0,0.0,0.9,1.0,0.0,2.0,0
48.0,1.0,2.0,155.0,269.0,0.0,0.0,170.0,0.0,0.3,2.0,0.0,2.0,0
46.0,0.0,0.0,146.0,214.0,0.0,1.0,152.0,0.0,1.5,1.0,0.0,3.0,0
68.0,0.0,2.0,127.0,323.0,0.0,1.0,167.0,0.0,0.0,1.0,0.0,3.0,0
73.0,1.0,1.0,123.0,253.0,0.0,1.0,128.0,1.0,1.6,2.0,0.0,3.0,1
